[
	{
		"id": 11,
		"name": "Room 3",
		"capacity": 345,
		"locationName": "MetroPolis"
	},
	{
		"id": 2,
		"name": "Room 5",
		"capacity": 684,
		"locationName": "MetroPolis"
	},
	{
		"id": 4,
		"name": "Room 9",
		"capacity": 425,
		"locationName": "MetroPolis"
	},
	{
		"id": 1,
		"name": "Room 8",
		"capacity": 745,
		"locationName": "MetroPolis"
	},
	{
		"id": 8,
		"name": "BOF 2",
		"capacity": 70,
		"locationName": "MetroPolis"
	},
	{
		"id": 5,
		"name": "Room 6",
		"capacity": 407,
		"locationName": "MetroPolis"
	},
	{
		"id": 6,
		"name": "Hollywood Lounge",
		"capacity": 2000,
		"locationName": "MetroPolis"
	},
	{
		"id": 3,
		"name": "Room 4",
		"capacity": 364,
		"locationName": "MetroPolis"
	},
	{
		"id": 9,
		"name": "Room 7",
		"capacity": 407,
		"locationName": "MetroPolis"
	},
	{
		"id": 7,
		"name": "BOF 1",
		"capacity": 70,
		"locationName": "MetroPolis"
	}
]